id;email;name;created;active;comment
1;Rossie_Considine@hotmail.com;Shoes object-oriented;2023-02-12T02:40:23;true;leverage
2;Hoyt25@yahoo.com;Industrial Cedi;2023-02-11T08:04:06;false;Savings Down-sized
3;Valentin91@hotmail.com;Account;2023-02-11T07:40:40;true;transmitting connect
4;Elinor_Stehr@gmail.com;optimize Handmade;2023-02-11T10:45:40;false;Engineer
5;Randi_Batz99@yahoo.com;application ROI;2023-02-11T08:01:13;true;Shoes payment
6;Janessa.Mann74@hotmail.com;bypass Tugrik Virginia;2023-02-11T11:29:47;false;Movies Sleek Hat
7;Joshuah_Hammes@gmail.com;state orchestration Officer;2023-02-11T09:49:49;true;Lakes
8;Elliot81@hotmail.com;policy Internal;2023-02-11T20:40:03;false;invoice
9;Enoch79@yahoo.com;Wooden haptic;2023-02-11T17:58:29;true;users mobile
10;Connor10@hotmail.com;calculating;2023-02-11T12:18:53;false;empower dynamic Ball
